{
  "model": "TFIDF+LogReg",
  "accuracy": 0.8486955370149649,
  "f1_macro": 0.8466133985749211,
  "f1_weighted": 0.8483317767963912
}