{
  "model": "distilbert-base-uncased",
  "accuracy": 0.8837240100648921,
  "f1_macro": 0.8825028683221977,
  "f1_weighted": 0.8836646878250723
}